카테고리,count
소설/시/희곡, 2429
인문학, 1229
과학, 988
역사, 837
청소년, 810
사회과학, 731
에세이, 578
한국소설, 563
2000년대 이후 한국소설, 419
예술/대중문화, 378
교양 인문학, 364
영미소설, 343
경제경영, 293
자기계발, 290
대학교재/전문서적, 255
기초과학/교양과학, 249
시, 231
한국에세이, 228
청소년 문학, 204
한국시, 198
청소년 수학/과학, 193
미술, 190
청소년 소설, 179
조선사, 175
생명과학, 165
프랑스소설, 161
서양철학, 156
심리학/정신분석학, 152
문화/문화이론, 149
외국에세이, 148
수학, 142
2000년대 이전 한국소설, 141
청소년 인문/사회, 137
역사소설, 135
경제학/경제일반, 124
세계의 소설, 122
추리/미스터리소설, 121
일본소설, 109
물리학, 108
성공, 108
사회문제, 107
교양 심리학, 106
사회학, 104
성공학, 103
과학소설(SF), 102
세계사 일반, 102
1950년대 이후 일본소설, 99
어린이, 98
한국근현대사, 97
서양사, 95
청소년 고전, 91
책읽기/글쓰기, 88
한국 역사소설, 88
문학의 이해, 86
여행, 85
독일소설, 84
사회사상/사회사상사, 84
명사에세이, 82
종교/역학, 81
사회학 일반, 80
미술 이야기, 80
외국 과학소설, 79
과학의 이해, 76
외국어, 73
우리나라 옛글, 72
동물과 식물, 71
정치학/외교학/행정학, 71
중국사, 71
동양철학, 69
산문, 69
자연과학계열, 67
비평/칼럼, 67
지리학, 67
철학 일반, 66
조선시대 일반, 66
교양 철학, 65
수학 일반, 63
건강/취미, 61
음악, 61
한국고대~고려시대, 60
지리학/지정학, 57
사진/그림 에세이, 57
인간관계, 57
한국사 일반, 56
한국학/한국문화, 56
신화/종교학, 55
컴퓨터/모바일, 54
교육학, 54
액션/스릴러소설, 54
기업 경영, 53
외국 액션/스릴러소설, 52
스페인/중남미소설, 52
고전, 52
생물학, 51
뇌과학, 51
조선후기(영조~순종), 48
현대철학, 48
경제사/경제전망, 47
러시아소설, 47
외국 역사소설, 47
판타지/환상문학, 46
글쓰기, 46
천문학, 46
미술가, 45
뇌과학 일반, 44
희곡, 44
외국판타지/환상소설, 43
물리학 일반, 43
환경/생태문제, 43
외국희곡, 43
과학사/기술사, 42
사회문제 일반, 42
책읽기, 42
사회사상/사회사상사 일반, 42
한국사회비평/칼럼, 39
교육 일반, 39
경제이야기, 39
영어독해, 39
과학자의 생애, 38
사회운동, 38
한국고대사, 37
건강정보, 37
청소년 역사, 37
한국문학론, 37
어문학계열, 37
화학, 36
쉽게 배우는 수학, 36
기타 명사에세이, 36
한국전쟁 이후~현재, 36
기타 국가 소설, 35
일본 추리/미스터리소설, 34
영미 추리/미스터리소설, 34
근대철학, 34
인문계열, 32
인문 에세이, 32
불교, 32
건축, 32
중국사 일반, 32
지구과학, 31
트렌드/미래전망, 31
만화, 31
세계 경제사/경제전망, 30
협상/설득/화술, 30
트렌드/미래전망 일반, 30
기독교(개신교), 30
문화/역사기행, 30
국어국문학, 30
동물 일반, 29
서양중세사, 29
미술사, 29
문인에세이, 29
기타국가 추리/미스터리소설, 28
일제치하/항일시대, 28
인류학/고고학, 28
기호학/언어학, 28
아시아사, 28
우주과학, 28
환경문제, 27
중국소설, 27
사회과학계열, 27
유럽사, 27
외국시, 27
쉽게 배우는 물리학, 27
경영전략/혁신, 27
공학계열, 26
힐링, 26
법과 생활, 26
경제이론/경제사상, 26
영화/드라마, 26
고등학교참고서, 26
조선중기(임진왜란~경종), 26
의약학간호계열, 25
청소년의 진로선택, 25
인류학, 25
창의적사고/두뇌계발, 25
마음 다스리기, 25
한국 추리/미스터리소설, 25
유교철학/주역, 25
청소년 에세이/시, 25
청소년 자기계발, 24
문명/문명사, 24
[경제경영 사상가 20인], 24
컴퓨터 공학, 23
한국 과학소설, 23
여성학/젠더, 23
역사학, 23
독서에세이, 23
논술참고도서, 23
의학, 22
한국고대사 일반, 22
한국문화유산, 22
음악가, 22
중국고대사(선사시대~진한시대), 22
공학, 21
빈곤/불평등문제, 21
마케팅/세일즈, 21
청소년 철학, 21
아메리카사, 21
건강에세이/건강정보, 20
예술/대중문화의 이해, 20
사진, 20
이탈리아소설, 20
리더십, 20
서양고대사, 20
법률이야기/법조인이야기, 19
이론 심리학, 19
동유럽소설, 19
초등 한국사, 19
문화연구/문화이론, 18
화술, 18
인권문제, 18
미래학, 18
고려시대, 18
마케팅/브랜드, 18
한국 문화/역사기행, 18
곤충, 18
근대개화기, 18
공자/논어, 18
작가론, 18
교양만화, 18
국제사회비평/칼럼, 17
방송연예인에세이, 17
사회/역사/철학, 17
좋은부모, 17
한국민속/한국전통문화, 17
건축이야기/건축가, 17
연극, 17
살림지식총서, 17
로마사, 16
역사학 일반, 16
정치학 일반, 16
서양사일반, 16
현대과학, 16
북유럽소설, 16
통일/북한관계, 16
문화사, 16
지구, 15
문화/예술/인물, 15
해방전후사/한국전쟁, 15
세계패권과 국제질서, 15
청소년 경제, 15
테마로 보는 역사, 15
민주주의, 15
경영 일반, 15
신화 이야기, 15
서양음악(클래식), 15
기업/경영자 스토리, 15
정치인, 15
역사만화, 15
천문학/별자리/역법, 14
건축이론/비평/역사, 14
쉽게 배우는 화학, 14
프리드리히 니체, 14
뇌과학/인지심리학, 14
한국어/한문, 14
각국정치사정/정치사, 14
조선전기(개국~임진왜란 이전), 14
세계사, 14
호러.공포소설, 13
언어학/언어사, 13
학습법, 13
진화론, 13
시간관리/정보관리, 13
재테크/투자, 13
논술/면접/수시, 13
초등5~6학년, 13
과학/수학/사회, 13
근대철학 일반, 13
과학/수학/컴퓨터, 13
여행에세이, 13
해외여행에세이, 13
미국/캐나다사, 13
아프리카소설, 13
세계의 문학, 13
양자역학, 12
기상학/기후, 12
그리스로마 신화, 12
사진집, 12
생태학, 12
프랑스철학, 12
예체능계열, 12
환경학 일반, 12
한국 경제사/경제전망, 12
일본사, 12
동서양 문화/역사기행, 12
중동/튀르키예소설, 12
고대철학, 12
로맨스소설, 12
음악이야기, 12
기타, 12
도가철학/노장철학, 12
철학, 12
조선생활풍속사, 12
인체의 이해, 11
노동문제, 11
프로그래밍 언어, 11
동아시아/극동아시아사, 11
과학사회학(STS), 11
한국시론, 11
현대사회문화론, 11
요리/살림, 11
교양심리학, 11
행복론, 11
동양철학 일반, 11
기독교의 이해, 11
한국미술, 10
1950년대 이전 일본소설, 10
동화/명작/고전, 10
도시/환경공학, 10
미학/예술이론, 10
윤리학/도덕철학, 10
영화이야기, 10
세계의 신화와 전설, 10
사범계열, 10
세계일주여행, 10
국외 기업/경영자, 10
한국희곡, 10
국내 여행에세이, 10
마르크스주의, 10
여성학이론, 10
교육에세이, 10
중국철학, 10
국내 여행가이드, 10
북한학 일반, 10
한국인과 한국문화, 10
한국고전문학론, 10
취업/진로/유망직업, 10
국내 진학/취업, 10
중국근현대사(아편전쟁 이후), 10
기독교(개신교) 신앙생활, 10
설득, 10
북한사, 10
파이썬, 9
외국 호러.공포소설, 9
과학사상, 9
과학고전, 9
기초의학, 9
도시계획/설계, 9
서양철학 일반, 9
범죄문제, 9
심리학, 9
종교학, 9
한국 로맨스소설, 9
국방/군사학, 9
서양근현대사, 9
수학사, 9
일본문화, 9
디자인/공예, 9
사회운동가/혁명가, 9
시민운동/NGO/NPO, 9
미술비평/이론, 9
소설론, 9
청소년 문화/예술, 9
청소년 인물, 9
조선문화예술사, 9
종교에세이, 9
소설, 9
경상계열, 8
현대물리학, 8
중국문화, 8
독일/오스트리아사, 8
심리치료, 8
시간관리, 8
재테크/투자 일반, 8
사회운동 일반, 8
중남미사, 8
칸트, 8
헌법, 8
음악이론/음악사, 8
고고학, 8
발명/발견, 8
인문 비평, 8
자유주의/신자유주의, 8
서남아시아사, 8
종교학 일반, 8
대입논술, 8
기계공학, 7
일반화학, 7
식물 일반, 7
컴퓨터공학/전산학 개론, 7
여성문제, 7
자료구조/알고리즘, 7
아일랜드소설, 7
언론/미디어, 7
현대철학 일반, 7
조직/인력/성과관리, 7
세계일주여행 에세이, 7
세계의 종교, 7
가톨릭, 7
중국여행, 7
두뇌계발, 7
한국작가론, 7
노동운동, 7
교육/학습, 7
한국정치사정/정치사, 7
음식과 건강, 7
창작.문장작법, 7
사상가/인문학자, 7
노자철학, 7
불교 문학, 7
종교일반, 7
시공디스커버리총서, 7
초등3~4학년, 7
세계문학론, 7
텝스, 7
공학 일반, 6
중국어, 6
인공지능, 6
확률/통계학, 6
정치외교학, 6
언론학/미디어론, 6
데이터베이스 개론, 6
프로그래밍 개발/방법론, 6
영어회화, 6
일본사 일반, 6
미술/디자인/사진, 6
통일문제, 6
인도/티베트/네팔여행, 6
인도/티베트/네팔여행 에세이, 6
초등 수학, 6
꽃과 나무, 6
현상학/해석학/실존철학, 6
경제정책/비평, 6
전국여행 가이드북, 6
미술관/박물관/미술기행, 6
화폐/금융/재정, 6
동양문화읽기, 6
시론, 6
구기, 6
20대의 자기계발, 6
일본문학, 6
영국사, 6
미국, 6
근현대한국문화, 6
일반문학론, 6
언어학, 6
백제, 6
중국근세사(원~ 아편전쟁), 6
인도철학, 6
국문학사/국문학개론, 6
사회의학, 5
의학 통계학, 5
불교명상/수행, 5
사회사, 5
유교철학 일반, 5
수험서/자격증, 5
언론비평, 5
생활영어, 5
여성의 자기계발, 5
아시아 경제사/경제전망, 5
육아, 5
한국상고사, 5
중국여행 에세이, 5
유럽여행, 5
고등교육과정, 5
법학계열, 5
예술 통사/역사 속의 예술, 5
아리스토텔레스, 5
정보관리, 5
신라/통일신라, 5
동남아시아여행, 5
한국정치사정/정치사-일반, 5
전쟁사, 5
그래픽노블, 5
고등-자습서, 5
한국철학, 5
한국문학사, 5
국내 기업/경영자, 5
고대철학 일반, 5
디자인이론/비평/역사, 5
환경운동, 5
창의 교육, 5
마르크스주의 일반, 5
성공담, 5
프랑스사, 5
술/음료/차, 5
인터넷 연재 만화, 5
상대성이론, 5
[포브스 100대 기업], 5
CEO/비즈니스맨을 위한 능력계발, 5
성공학/경력관리, 5
헤겔, 5
영화감독/배우, 5
동양사일반, 5
민족주의, 5
명상/선, 5
신앙생활일반, 5
고전에서배운다, 5
외교정책/외교학, 5
일반, 5
간호학, 4
중국어 회화, 4
한국 호러.공포소설, 4
환경공학, 4
미국여행, 4
서양철학사, 4
전기/전자공학, 4
체육, 4
화집, 4
서양의 신화와 전설, 4
중년의 자기계발, 4
미학/예술철학, 4
피터 드러커, 4
서양문화읽기, 4
교과교육론, 4
그림책, 4
밀교/신비주의, 4
과학일반, 4
유럽여행 에세이, 4
일본여행, 4
일본여행 가이드북, 4
시나리오/시나리오작법, 4
일본근현대사, 4
독일철학, 4
중남미여행, 4
팀 하포드, 4
육아/교육 에세이, 4
중앙아시아사, 4
연극사/연극.희극론/연극비평, 4
농축산생명계열, 4
환경실태보고, 4
대중문화론, 4
신화학/신화상징, 4
앨빈 토플러, 4
정책/행정/조직, 4
도가철학 일반, 4
이슬람/중동/이스라엘, 4
러시아사, 4
미국문화, 4
사회주의/공산주의, 4
영어학습법, 4
동양고전문학, 4
동남아시아사, 4
과학/기술사, 4
동물도감, 4
한문/한자, 4
교류/관계사, 4
초등 전학년, 4
수능모의고사/기출, 4
명언/잠언록, 4
기술공학, 4
동화책, 3
고전/명작, 3
경제학, 3
지정학, 3
한국인물, 3
참고도서, 3
한국판타지/환상소설, 3
약학, 3
국제정치학, 3
국내창작동화, 3
세계인물사, 3
생리학, 3
한의학, 3
바이오테크놀로지, 3
소프트웨어 공학, 3
과학철학, 3
전기전자공학, 3
불교 경전/법문, 3
기독교(개신교) 목회/신학, 3
사진 실기, 3
한국영화, 3
가톨릭 문학, 3
세계일주여행 가이드북, 3
정신분석학, 3
교육비평, 3
공무원 수험서, 3
여성인물, 3
두뇌건강, 3
쉽게 배우는 우주, 3
장하준, 3
농림수산학, 3
미셸 푸코, 3
식물도감, 3
외국 로맨스소설, 3
실학, 3
동남아시아여행 에세이, 3
동양고전사상, 3
기타 동양고전사상, 3
언어철학/분석철학, 3
데카르트, 3
부동산/경매, 3
정치비평/칼럼, 3
사회복지, 3
야구, 3
고전문학론, 3
국어사/방언론, 3
근현대사, 3
아프리카/오세아니아사, 3
구글, 3
간증/영적성장, 3
디자인이야기/디자이너/디자인 실기, 3
군사전략/무기, 3
사진이야기/사진가, 3
음악/미술/예체능, 3
명상에세이, 3
미르치아 엘리아데, 3
사랑/연애 에세이, 3
러셀/비트겐슈타인, 3
지구와 우주, 3
인문/교양, 3
민속학, 3
스페인여행, 3
스페인여행 에세이, 3
주제평론, 3
종교의 이해, 3
법의학, 3
세계의 신화와 전설 일반, 3
문명/문화사, 3
중남미여행 가이드북, 3
프랑크푸르트학파, 3
음운론/어휘론, 3
외국창작동화, 3
프랑스문학론, 3
르네상스/종교개혁기, 3
시가, 3
종교미술, 3
반려동물, 3
미국여행 가이드북, 3
칼 포퍼, 3
중국고전-산문, 3
실전, 3
동양의 신화와 전설, 3
정치사상, 3
고등-문제집, 3
발해, 3
2000년대 이전, 3
기계공학 일반, 2
고고학/인류학, 2
토목/건축공학, 2
우주/해양/조선 기타공학, 2
시읽기산책, 2
공학일반, 2
인문학 일반, 2
쇼펜하우어, 2
오피스(엑셀/파워포인트), 2
노인문제, 2
중국, 2
스페인어, 2
생화학, 2
성차별/성폭력문제, 2
남녀관계, 2
예술경영/공연기획, 2
구술면접, 2
교회개척/성장론, 2
여성문화, 2
교육공학/수업설계, 2
의료 관련 과학, 2
교육사회/심리학, 2
사회/역사교육 전공, 2
유아, 2
나라별 그림책, 2
한국 그림책, 2
사회 일반, 2
프랑스여행, 2
새, 2
육아법/육아 일반, 2
말콤 글래드웰, 2
기획/보고, 2
기획, 2
호주/뉴질랜드여행, 2
종교문화, 2
건강운동, 2
요가/체조/스트레칭, 2
플라톤, 2
역사비평, 2
전자기학, 2
퍼즐/스도쿠/퀴즈, 2
고전물리학, 2
아프리카여행, 2
흄, 2
해양생물, 2
서울/수도권 여행가이드, 2
대안교육, 2
동남아시아여행 가이드북, 2
일본고대/중세사, 2
현대미술, 2
과학 일반, 2
e비즈니스/창업, 2
디지털 문화, 2
교육 커리큘럼, 2
유럽, 2
웹 서비스/웹 프로그래밍, 2
농업, 2
생태농업, 2
건축공학, 2
세계인물, 2
뮤지컬/오페라, 2
정리/심플라이프, 2
기타세계문학, 2
경영학, 2
광고/마케팅, 2
한국 액션/스릴러소설, 2
서지/출판, 2
서지/문헌/도서관, 2
선사~근대사, 2
주식/펀드, 2
경제학고전, 2
영업/세일즈, 2
창업/취업/은퇴, 2
벤처/스타트업/인터넷창업, 2
세무/재무/회계, 2
아마존, 2
조직관리, 2
키에르케고르, 2
협상, 2
영어영문학, 2
영미문학, 2
중부유럽/북유럽사, 2
종교철학, 2
전체주의/국가주의, 2
종교문학, 2
심리치유 에세이, 2
비잔티움/이슬람 강성기, 2
성경의 이해, 2
사진이론/비평/역사, 2
영화사, 2
음식 이야기, 2
서양고전문학, 2
서양고대문학, 2
커피, 2
질 들뢰즈/펠릭스 가타리, 2
책세상문고.우리시대, 2
비타 악티바, 2
중국여행 가이드북, 2
기독교 문학, 2
프랑스문학, 2
과학/수학/생태, 2
문법론/통사론, 2
학습동화, 2
종합, 2
Listening, 2
입시자료집, 2
성(性)/성문화, 2
불교의 이해, 2
장 폴 사르트르, 2
술, 2
축구, 2
질병치료와 예방, 2
중어중문학, 2
영화이론/비평, 2
오마에 겐이치, 2
역학, 2
풍수지리, 2
토플, 2
등산/캠핑, 2
학습만화, 2
유머/풍자/우화, 2
마르틴 하이데거, 2
알프레드 화이트헤트, 2
나라별 요리, 2
한국철학 일반, 2
불교예술/사찰, 2
잡지, 2
한자, 2
한자일반, 2
화학/금속/재료공학, 2
중세철학, 2
중세철학 일반, 2
불교 인물, 2
일기/편지, 2
문학일반, 2
청소년과 성(性), 2
행정법, 2
과학탐구, 2
ELT/어학/사전, 2
리더스, 2
ELT 단계별 리더스, 2
문학비평, 2
문학비평 일반, 2
7/9급 공무원, 2
한국사, 2
셰익스피어, 2
한국신화/전설/민담, 1
프로이트, 1
인공지능/빅데이터, 1
중국어 어휘/문법, 1
일본어, 1
일본어 독해/작문/쓰기, 1
간호학 일반, 1
약리학, 1
이탈리아여행, 1
이탈리아여행 가이드북, 1
통계, 1
세포생물학, 1
파워포인트, 1
발리/몰디브여행, 1
발리/몰디브여행 가이드북, 1
미국여행 에세이, 1
국가전문자격, 1
방사선사, 1
기초한의학, 1
기초 약학, 1
환경학, 1
프랑스어, 1
동성애/성소수자, 1
유고시집, 1
생활환경계열, 1
건강/미용, 1
모바일/무선/임베디드 프로그래밍, 1
C++, 1
그래픽/멀티미디어, 1
그래픽 일반, 1
기초역학/열역학/역학일반, 1
회로이론, 1
해부학, 1
컴퓨터공학, 1
정보통신 공학, 1
불교사/불교철학, 1
동유럽사, 1
산업공학, 1
면역학, 1
신경과학, 1
프로그래밍 기초/개발 방법론, 1
초중고 소프트웨어 교육/코딩, 1
초등, 1
모바일 프로그래밍, 1
안드로이드, 1
임상 심리학, 1
지리/지도책, 1
샤머니즘/무속, 1
프랑스여행 에세이, 1
외국인이 본 한국, 1
세계문화, 1
호주/뉴질랜드여행 에세이, 1
수학자의 생애, 1
임상 의학, 1
교육과정/교육평가, 1
경찰공무원(승진), 1
경찰학개론, 1
살림/정리수납, 1
기호학, 1
국방 일반, 1
중남미여행 에세이, 1
아프리카여행 가이드북, 1
직업교육/사회교육, 1
수학교육 전공, 1
폴 크루그먼, 1
스포츠/레저 기타, 1
청소년이 쓴 책, 1
네트워크 프로그래밍, 1
게임 프로그래밍, 1
취미기타, 1
전라도여행 가이드북, 1
강원도여행 가이드북, 1
유럽여행 가이드북, 1
학교/학습법, 1
전두환정부/노태우정부, 1
집/인테리어, 1
집짓기, 1
임상 공학, 1
터키여행, 1
터키여행 에세이, 1
제3공화국/제4공화국, 1
생물과 생명, 1
청소년 영어, 1
논픽션/휴먼만화, 1
프레젠테이션/회의, 1
프레젠테이션, 1
패션/뷰티, 1
스타일/패션, 1
연극/영화, 1
기생충학, 1
조경학, 1
유럽어문학, 1
축산, 1
병원/의약품 산업, 1
병원 경영, 1
독서/작문 교육, 1
C, 1
형법, 1
건강한 몸, 1
외국의 육아.교육, 1
자녀 심리, 1
중국의 신화와 전설, 1
공예/도자, 1
중국중세사(위진남북조~당/송), 1
다도/차, 1
시조집, 1
헬스/피트니스, 1
유학/해외연수/이민, 1
e-비즈니스, 1
작은 이야기 모음, 1
슬라보예 지젝/슬로베니아 학파, 1
호주/뉴질랜드여행 가이드북, 1
도록, 1
인문학 전문사전, 1
철학사, 1
정치사상사, 1
아프리카여행 에세이, 1
장자철학, 1
자크 데리다, 1
아주 특별한 상식 NN, 1
기타 동양고전, 1
신학일반, 1
세계의 불가사의, 1
팝/록, 1
재즈, 1
영미철학, 1
가톨릭 신앙생활, 1
성장/발달, 1
전통 건축, 1
통역/번역, 1
번역, 1
네트워크 마케팅, 1
서비스/고객관리, 1
명시모음집, 1
켄 블랜차드, 1
자크 라캉, 1
고전 마르크스주의, 1
비평론, 1
어린이를 위한 고전, 1
가톨릭 인물, 1
한국소설론, 1
건강/환경, 1
기타 종교, 1
전문사전, 1
종교전문사전, 1
홍콩/대만/마카오여행, 1
홍콩/대만/마카오여행 에세이, 1
엑셀, 1
중국문학론, 1
악보/작곡, 1
오페라, 1
과학사, 1
사회복지학, 1
노년을 위한 에세이, 1
중세시대, 1
예배/기도/묵상(QT), 1
중학교참고서, 1
논술/글쓰기(중등), 1
중학논술/글쓰기, 1
언론인, 1
환경 이야기, 1
LEET:법학적성시험, 1
로스쿨 기타, 1
인도사, 1
미국문학, 1
제주도 여행가이드, 1
미술 실기, 1
세계 종교의 이해, 1
일본문학론, 1
기타 세계문학론, 1
영국문학, 1
고구려, 1
한국인물사, 1
중풍과 치매, 1
캐나다여행, 1
캐나다여행 에세이, 1
기타지역여행, 1
기타지역여행 에세이, 1
프랑스여행 가이드북, 1
가톨릭 일반, 1
반도체공학, 1
러시아, 1
행정학, 1
수능대비, 1
수학영역, 1
동시/동요, 1
고전 길라잡이, 1
독일문학론, 1
Speaking, 1
Writing, 1
크리스 앤더슨, 1
세계명작, 1
위르겐 하버마스, 1
스페인/포르투갈사, 1
가톨릭 성서, 1
성서의 이해, 1
선거전략/대통령 만들기, 1
부부생활/자녀양육, 1
독일문학, 1
위대한 작가들, 1
어니스트 헤밍웨이, 1
청소년추천도서, 1
서울시교육청 중고등 추천도서, 1
국어과, 1
중3, 1
주자학(성리학), 1
피히테/셸링, 1
사회민주주의, 1
중국요리, 1
동양과학, 1
건축사/건축일반, 1
기독교 역사, 1
톰 피터스, 1
현대 마르크스주의, 1
미분류일괄업데트(12년08월)잡지, 1
루이 알튀세르, 1
에드문트 후설, 1
신소재, 1
서양고전사상, 1
문학 잡지, 1
우리말사전, 1
정신건강, 1
다시쓴고전, 1
일본, 1
가정문제, 1
문예사조, 1
만화그리기와 읽기, 1
만화비평/만화이론, 1
연극인/연극이야기, 1
전통극, 1
인식론, 1
힌두교, 1
스크린영어, 1
고사성어/속담, 1
라이트 노벨, 1
NT(엔티) 노벨, 1
아동 문학론, 1
아동 문학 일반, 1
세계문학 전집/시리즈, 1
범우비평판 세계문학선, 1
중국어 독해/작문/쓰기, 1
전국여행 가이드북 , 1
가정/요리/뷰티, 1
한국요리, 1
기타 동양어, 1
여성학, 1
의미론/화용론, 1
국어교육 전공, 1
티베트 불교, 1
달라이 라마, 1
금강산/백두산여행 가이드북, 1
화학공학, 1
예술전문사전, 1
교육학 일반, 1
영어어휘, 1
국어학개론/정서법, 1
마이클 포터, 1
웹디자인/홈페이지, 1
웹기획, 1
사회탐구, 1
청소년문제, 1
주역, 1
금연/금주/약물중독, 1
법학일반, 1
기독교(개신교) 선교/전도, 1
개념 학습, 1
알파벳/숫자, 1
금속재료/재료공학, 1
골프, 1
수험/어학교재, 1
방송교재, 1
요리, 1
코스/요리, 1
에피타이저, 1
근현대, 1
7/9급 교재, 1
본격장르만화, 1
추리/미스터리, 1
지도, 1
해외 지도, 1
영국/아일랜드, 1
